strain	taxonomyId	releaseDate	accession	currentAccession	isRef	level	assemblyStatus	chromosomeCount	length	scaffoldCount	scaffoldN50	scaffoldL50	coverage	gcPercent	annotationStatus	pairedAccession	species	speciesTaxonomyId	lineageTaxonomyIds	otherNames	taxonomicGroup	tolId	taxonomicLevelDomain	taxonomicLevelKingdom	taxonomicLevelPhylum	taxonomicLevelClass	taxonomicLevelOrder	taxonomicLevelFamily	taxonomicLevelGenus	taxonomicLevelSpecies	taxonomicLevelStrain	taxonomicLevelDomainId	taxonomicLevelKingdomId	taxonomicLevelPhylumId	taxonomicLevelClassId	taxonomicLevelOrderId	taxonomicLevelFamilyId	taxonomicLevelGenusId	taxonomicLevelSpeciesId	taxonomicLevelStrainId	ucscBrowser	geneModelUrl	galaxyDatacacheUrl	organismImageUrl	organismThumbnailUrl	organismImageCredit	organismImageLicense	organismImageSourceName	organismImageSourceUrl
	3483	2018-11-30	GCA_000230575.5	GCA_000230575.5	False	Chromosome	current	10.0	891964663	12836	133904	1924	79	34.0			Cannabis sativa	3483	1,131567,2759,33090,35493,131221,3193,58023,78536,58024,3398,1437183,71240,91827,1437201,71275,91835,3744,3481,3482,3483	[]	Cannabaceae	d	Eukaryota	Viridiplantae	Streptophyta	Magnoliopsida	Rosales	Cannabaceae	Cannabis	Cannabis sativa		2759	33090	35493	3398	3744	3481	3482	3483					sites/highgen/public/organism_image/Cannabis_sativa_1024x1024.jpg	sites/highgen/public/organism_image/Cannabis_sativa_300x300.jpg	Franz Eugen Köhler, Köhler's Medizinal-Pflanzen (1887)	Public domain	Wikimedia	https://commons.wikimedia.org/wiki/File:Cannabis_sativa_-_K%C3%B6hler%E2%80%93s_Medizinal-Pflanzen-026.jpg
	3483	2016-01-11	GCA_001509995.1	GCA_001509995.1	False	Scaffold	current		285932793	175088	2250	33730	300	33.0			Cannabis sativa	3483	1,131567,2759,33090,35493,131221,3193,58023,78536,58024,3398,1437183,71240,91827,1437201,71275,91835,3744,3481,3482,3483	[]	Cannabaceae	d	Eukaryota	Viridiplantae	Streptophyta	Magnoliopsida	Rosales	Cannabaceae	Cannabis	Cannabis sativa		2759	33090	35493	3398	3744	3481	3482	3483					sites/highgen/public/organism_image/Cannabis_sativa_1024x1024.jpg	sites/highgen/public/organism_image/Cannabis_sativa_300x300.jpg	Franz Eugen Köhler, Köhler's Medizinal-Pflanzen (1887)	Public domain	Wikimedia	https://commons.wikimedia.org/wiki/File:Cannabis_sativa_-_K%C3%B6hler%E2%80%93s_Medizinal-Pflanzen-026.jpg
	1302822	2016-01-11	GCA_001510005.1	GCA_001510005.1	False	Contig	current		595358288	311039	2649	55059	50	34.5			Cannabis sativa	3483	1,131567,2759,33090,35493,131221,3193,58023,78536,58024,3398,1437183,71240,91827,1437201,71275,91835,3744,3481,3482,3483,1302822	"[""marijuana"", ""Cannabis indica""]"	Cannabaceae	d	Eukaryota	Viridiplantae	Streptophyta	Magnoliopsida	Rosales	Cannabaceae	Cannabis	Cannabis sativa		2759	33090	35493	3398	3744	3481	3482	3483					sites/highgen/public/organism_image/Cannabis_sativa_1024x1024.jpg	sites/highgen/public/organism_image/Cannabis_sativa_300x300.jpg	Franz Eugen Köhler, Köhler's Medizinal-Pflanzen (1887)	Public domain	Wikimedia	https://commons.wikimedia.org/wiki/File:Cannabis_sativa_-_K%C3%B6hler%E2%80%93s_Medizinal-Pflanzen-026.jpg
	3483	2016-11-03	GCA_001865755.1	GCA_001865755.1	False	Contig	current		585823666	11110	128718	1210	10	33.5			Cannabis sativa	3483	1,131567,2759,33090,35493,131221,3193,58023,78536,58024,3398,1437183,71240,91827,1437201,71275,91835,3744,3481,3482,3483	[]	Cannabaceae	d	Eukaryota	Viridiplantae	Streptophyta	Magnoliopsida	Rosales	Cannabaceae	Cannabis	Cannabis sativa		2759	33090	35493	3398	3744	3481	3482	3483		https://genome.ucsc.edu/h/GCA_001865755.1	https://hgdownload.soe.ucsc.edu/hubs/GCA/001/865/755/GCA_001865755.1/genes/GCA_001865755.1_ASM186575v1.augustus.gtf.gz		sites/highgen/public/organism_image/Cannabis_sativa_1024x1024.jpg	sites/highgen/public/organism_image/Cannabis_sativa_300x300.jpg	Franz Eugen Köhler, Köhler's Medizinal-Pflanzen (1887)	Public domain	Wikimedia	https://commons.wikimedia.org/wiki/File:Cannabis_sativa_-_K%C3%B6hler%E2%80%93s_Medizinal-Pflanzen-026.jpg
	3483	2017-04-13	GCA_002090435.1	GCA_002090435.1	False	Contig	current		512174223	18355	51819	2790	72	33.5			Cannabis sativa	3483	1,131567,2759,33090,35493,131221,3193,58023,78536,58024,3398,1437183,71240,91827,1437201,71275,91835,3744,3481,3482,3483	[]	Cannabaceae	d	Eukaryota	Viridiplantae	Streptophyta	Magnoliopsida	Rosales	Cannabaceae	Cannabis	Cannabis sativa		2759	33090	35493	3398	3744	3481	3482	3483					sites/highgen/public/organism_image/Cannabis_sativa_1024x1024.jpg	sites/highgen/public/organism_image/Cannabis_sativa_300x300.jpg	Franz Eugen Köhler, Köhler's Medizinal-Pflanzen (1887)	Public domain	Wikimedia	https://commons.wikimedia.org/wiki/File:Cannabis_sativa_-_K%C3%B6hler%E2%80%93s_Medizinal-Pflanzen-026.jpg
	3483	2018-11-26	GCA_003417725.2	GCA_003417725.2	False	Chromosome	current	10.0	1009674739	5303	370471	784	97.6356	34.0			Cannabis sativa	3483	1,131567,2759,33090,35493,131221,3193,58023,78536,58024,3398,1437183,71240,91827,1437201,71275,91835,3744,3481,3482,3483	[]	Cannabaceae	d	Eukaryota	Viridiplantae	Streptophyta	Magnoliopsida	Rosales	Cannabaceae	Cannabis	Cannabis sativa		2759	33090	35493	3398	3744	3481	3482	3483					sites/highgen/public/organism_image/Cannabis_sativa_1024x1024.jpg	sites/highgen/public/organism_image/Cannabis_sativa_300x300.jpg	Franz Eugen Köhler, Köhler's Medizinal-Pflanzen (1887)	Public domain	Wikimedia	https://commons.wikimedia.org/wiki/File:Cannabis_sativa_-_K%C3%B6hler%E2%80%93s_Medizinal-Pflanzen-026.jpg
	3483	2019-02-11	GCA_003660325.2	GCA_003660325.2	False	Contig	current		1073903735	556	3811003	66	125	34.0			Cannabis sativa	3483	1,131567,2759,33090,35493,131221,3193,58023,78536,58024,3398,1437183,71240,91827,1437201,71275,91835,3744,3481,3482,3483	[]	Cannabaceae	d	Eukaryota	Viridiplantae	Streptophyta	Magnoliopsida	Rosales	Cannabaceae	Cannabis	Cannabis sativa		2759	33090	35493	3398	3744	3481	3482	3483		https://genome.ucsc.edu/h/GCA_003660325.2	https://hgdownload.soe.ucsc.edu/hubs/GCA/003/660/325/GCA_003660325.2/genes/GCA_003660325.2_Oct15_3.7Mb_N50_Jamaican_Lion_Assembly.augustus.gtf.gz		sites/highgen/public/organism_image/Cannabis_sativa_1024x1024.jpg	sites/highgen/public/organism_image/Cannabis_sativa_300x300.jpg	Franz Eugen Köhler, Köhler's Medizinal-Pflanzen (1887)	Public domain	Wikimedia	https://commons.wikimedia.org/wiki/File:Cannabis_sativa_-_K%C3%B6hler%E2%80%93s_Medizinal-Pflanzen-026.jpg
	3483	2020-04-28	GCA_012923435.1	GCA_012923435.1	False	Contig	current		876589811	1444	3283100	84	125	34.0			Cannabis sativa	3483	1,131567,2759,33090,35493,131221,3193,58023,78536,58024,3398,1437183,71240,91827,1437201,71275,91835,3744,3481,3482,3483	[]	Cannabaceae	d	Eukaryota	Viridiplantae	Streptophyta	Magnoliopsida	Rosales	Cannabaceae	Cannabis	Cannabis sativa		2759	33090	35493	3398	3744	3481	3482	3483		https://genome.ucsc.edu/h/GCA_012923435.1	https://hgdownload.soe.ucsc.edu/hubs/GCA/012/923/435/GCA_012923435.1/genes/GCA_012923435.1_JL_Mother.ncbiGene.gtf.gz		sites/highgen/public/organism_image/Cannabis_sativa_1024x1024.jpg	sites/highgen/public/organism_image/Cannabis_sativa_300x300.jpg	Franz Eugen Köhler, Köhler's Medizinal-Pflanzen (1887)	Public domain	Wikimedia	https://commons.wikimedia.org/wiki/File:Cannabis_sativa_-_K%C3%B6hler%E2%80%93s_Medizinal-Pflanzen-026.jpg
	3483	2020-04-28	GCA_013030025.1	GCA_013030025.1	False	Contig	current		1008789608	1263	1668042	123	125	34.0			Cannabis sativa	3483	1,131567,2759,33090,35493,131221,3193,58023,78536,58024,3398,1437183,71240,91827,1437201,71275,91835,3744,3481,3482,3483	[]	Cannabaceae	d	Eukaryota	Viridiplantae	Streptophyta	Magnoliopsida	Rosales	Cannabaceae	Cannabis	Cannabis sativa		2759	33090	35493	3398	3744	3481	3482	3483					sites/highgen/public/organism_image/Cannabis_sativa_1024x1024.jpg	sites/highgen/public/organism_image/Cannabis_sativa_300x300.jpg	Franz Eugen Köhler, Köhler's Medizinal-Pflanzen (1887)	Public domain	Wikimedia	https://commons.wikimedia.org/wiki/File:Cannabis_sativa_-_K%C3%B6hler%E2%80%93s_Medizinal-Pflanzen-026.jpg
	3483	2020-05-12	GCA_013030365.1	GCA_013030365.1	False	Chromosome	current	10.0	812525420	483	82998198	5	153	34.0			Cannabis sativa	3483	1,131567,2759,33090,35493,131221,3193,58023,78536,58024,3398,1437183,71240,91827,1437201,71275,91835,3744,3481,3482,3483	[]	Cannabaceae	d	Eukaryota	Viridiplantae	Streptophyta	Magnoliopsida	Rosales	Cannabaceae	Cannabis	Cannabis sativa		2759	33090	35493	3398	3744	3481	3482	3483		https://genome.ucsc.edu/h/GCA_013030365.1	https://hgdownload.soe.ucsc.edu/hubs/GCA/013/030/365/GCA_013030365.1/genes/GCA_013030365.1_ASM1303036v1.augustus.gtf.gz		sites/highgen/public/organism_image/Cannabis_sativa_1024x1024.jpg	sites/highgen/public/organism_image/Cannabis_sativa_300x300.jpg	Franz Eugen Köhler, Köhler's Medizinal-Pflanzen (1887)	Public domain	Wikimedia	https://commons.wikimedia.org/wiki/File:Cannabis_sativa_-_K%C3%B6hler%E2%80%93s_Medizinal-Pflanzen-026.jpg
	3483	2020-12-22	GCA_016165845.1	GCA_016165845.1	False	Chromosome	current	10.0	914397426	147	91493340	5	86	34.0			Cannabis sativa	3483	1,131567,2759,33090,35493,131221,3193,58023,78536,58024,3398,1437183,71240,91827,1437201,71275,91835,3744,3481,3482,3483	[]	Cannabaceae	d	Eukaryota	Viridiplantae	Streptophyta	Magnoliopsida	Rosales	Cannabaceae	Cannabis	Cannabis sativa		2759	33090	35493	3398	3744	3481	3482	3483		https://genome.ucsc.edu/h/GCA_016165845.1	https://hgdownload.soe.ucsc.edu/hubs/GCA/016/165/845/GCA_016165845.1/genes/GCA_016165845.1_Cannbio-2.augustus.gtf.gz		sites/highgen/public/organism_image/Cannabis_sativa_1024x1024.jpg	sites/highgen/public/organism_image/Cannabis_sativa_300x300.jpg	Franz Eugen Köhler, Köhler's Medizinal-Pflanzen (1887)	Public domain	Wikimedia	https://commons.wikimedia.org/wiki/File:Cannabis_sativa_-_K%C3%B6hler%E2%80%93s_Medizinal-Pflanzen-026.jpg
	3483	2020-04-28	GCA_016415525.1	GCA_016415525.1	False	Contig	current		999122115	658	3491975	69	85	34.0			Cannabis sativa	3483	1,131567,2759,33090,35493,131221,3193,58023,78536,58024,3398,1437183,71240,91827,1437201,71275,91835,3744,3481,3482,3483	[]	Cannabaceae	d	Eukaryota	Viridiplantae	Streptophyta	Magnoliopsida	Rosales	Cannabaceae	Cannabis	Cannabis sativa		2759	33090	35493	3398	3744	3481	3482	3483					sites/highgen/public/organism_image/Cannabis_sativa_1024x1024.jpg	sites/highgen/public/organism_image/Cannabis_sativa_300x300.jpg	Franz Eugen Köhler, Köhler's Medizinal-Pflanzen (1887)	Public domain	Wikimedia	https://commons.wikimedia.org/wiki/File:Cannabis_sativa_-_K%C3%B6hler%E2%80%93s_Medizinal-Pflanzen-026.jpg
	3483	2022-09-16	GCA_025232715.1	GCA_025232715.1	False	Chromosome	current	10.0	796583716	160	80612720	5	83	34.0			Cannabis sativa	3483	1,131567,2759,33090,35493,131221,3193,58023,78536,58024,3398,1437183,71240,91827,1437201,71275,91835,3744,3481,3482,3483	[]	Cannabaceae	d	Eukaryota	Viridiplantae	Streptophyta	Magnoliopsida	Rosales	Cannabaceae	Cannabis	Cannabis sativa		2759	33090	35493	3398	3744	3481	3482	3483					sites/highgen/public/organism_image/Cannabis_sativa_1024x1024.jpg	sites/highgen/public/organism_image/Cannabis_sativa_300x300.jpg	Franz Eugen Köhler, Köhler's Medizinal-Pflanzen (1887)	Public domain	Wikimedia	https://commons.wikimedia.org/wiki/File:Cannabis_sativa_-_K%C3%B6hler%E2%80%93s_Medizinal-Pflanzen-026.jpg
	3483	2023-03-14	GCA_029168945.1	GCA_029168945.1	True	Chromosome	current	10.0	770269637	17	76975026	5	299	34.0		GCF_029168945.1	Cannabis sativa	3483	1,131567,2759,33090,35493,131221,3193,58023,78536,58024,3398,1437183,71240,91827,1437201,71275,91835,3744,3481,3482,3483	[]	Cannabaceae	d	Eukaryota	Viridiplantae	Streptophyta	Magnoliopsida	Rosales	Cannabaceae	Cannabis	Cannabis sativa		2759	33090	35493	3398	3744	3481	3482	3483		https://genome.ucsc.edu/h/GCF_029168945.1			sites/highgen/public/organism_image/Cannabis_sativa_1024x1024.jpg	sites/highgen/public/organism_image/Cannabis_sativa_300x300.jpg	Franz Eugen Köhler, Köhler's Medizinal-Pflanzen (1887)	Public domain	Wikimedia	https://commons.wikimedia.org/wiki/File:Cannabis_sativa_-_K%C3%B6hler%E2%80%93s_Medizinal-Pflanzen-026.jpg
	3483	2025-04-17	GCA_049724855.1	GCA_049724855.1	False	Chromosome	current	10.0	802242737	721	81147666	5	18	34.5			Cannabis sativa	3483	1,131567,2759,33090,35493,131221,3193,58023,78536,58024,3398,1437183,71240,91827,1437201,71275,91835,3744,3481,3482,3483	[]	Cannabaceae	d	Eukaryota	Viridiplantae	Streptophyta	Magnoliopsida	Rosales	Cannabaceae	Cannabis	Cannabis sativa		2759	33090	35493	3398	3744	3481	3482	3483					sites/highgen/public/organism_image/Cannabis_sativa_1024x1024.jpg	sites/highgen/public/organism_image/Cannabis_sativa_300x300.jpg	Franz Eugen Köhler, Köhler's Medizinal-Pflanzen (1887)	Public domain	Wikimedia	https://commons.wikimedia.org/wiki/File:Cannabis_sativa_-_K%C3%B6hler%E2%80%93s_Medizinal-Pflanzen-026.jpg
	3483	2025-04-17	GCA_049725155.1	GCA_049725155.1	False	Chromosome	current	10.0	811336179	469	87594644	5	18	34.0			Cannabis sativa	3483	1,131567,2759,33090,35493,131221,3193,58023,78536,58024,3398,1437183,71240,91827,1437201,71275,91835,3744,3481,3482,3483	[]	Cannabaceae	d	Eukaryota	Viridiplantae	Streptophyta	Magnoliopsida	Rosales	Cannabaceae	Cannabis	Cannabis sativa		2759	33090	35493	3398	3744	3481	3482	3483					sites/highgen/public/organism_image/Cannabis_sativa_1024x1024.jpg	sites/highgen/public/organism_image/Cannabis_sativa_300x300.jpg	Franz Eugen Köhler, Köhler's Medizinal-Pflanzen (1887)	Public domain	Wikimedia	https://commons.wikimedia.org/wiki/File:Cannabis_sativa_-_K%C3%B6hler%E2%80%93s_Medizinal-Pflanzen-026.jpg
	3483	2025-08-11	GCA_051911645.1	GCA_051911645.1	False	Chromosome	current	10.0	699728646	10	76217322	5	80	34.0			Cannabis sativa	3483	1,131567,2759,33090,35493,131221,3193,58023,78536,58024,3398,1437183,71240,91827,1437201,71275,91835,3744,3481,3482,3483	[]	Cannabaceae	d	Eukaryota	Viridiplantae	Streptophyta	Magnoliopsida	Rosales	Cannabaceae	Cannabis	Cannabis sativa		2759	33090	35493	3398	3744	3481	3482	3483					sites/highgen/public/organism_image/Cannabis_sativa_1024x1024.jpg	sites/highgen/public/organism_image/Cannabis_sativa_300x300.jpg	Franz Eugen Köhler, Köhler's Medizinal-Pflanzen (1887)	Public domain	Wikimedia	https://commons.wikimedia.org/wiki/File:Cannabis_sativa_-_K%C3%B6hler%E2%80%93s_Medizinal-Pflanzen-026.jpg
	3483	2025-08-11	GCA_051911655.1	GCA_051911655.1	False	Chromosome	current	10.0	713238842	10	74435171	5	80	34.0			Cannabis sativa	3483	1,131567,2759,33090,35493,131221,3193,58023,78536,58024,3398,1437183,71240,91827,1437201,71275,91835,3744,3481,3482,3483	[]	Cannabaceae	d	Eukaryota	Viridiplantae	Streptophyta	Magnoliopsida	Rosales	Cannabaceae	Cannabis	Cannabis sativa		2759	33090	35493	3398	3744	3481	3482	3483					sites/highgen/public/organism_image/Cannabis_sativa_1024x1024.jpg	sites/highgen/public/organism_image/Cannabis_sativa_300x300.jpg	Franz Eugen Köhler, Köhler's Medizinal-Pflanzen (1887)	Public domain	Wikimedia	https://commons.wikimedia.org/wiki/File:Cannabis_sativa_-_K%C3%B6hler%E2%80%93s_Medizinal-Pflanzen-026.jpg
	3483	2025-08-11	GCA_051911675.1	GCA_051911675.1	False	Chromosome	current	10.0	748269036	10	78471338	5	80	34.0			Cannabis sativa	3483	1,131567,2759,33090,35493,131221,3193,58023,78536,58024,3398,1437183,71240,91827,1437201,71275,91835,3744,3481,3482,3483	[]	Cannabaceae	d	Eukaryota	Viridiplantae	Streptophyta	Magnoliopsida	Rosales	Cannabaceae	Cannabis	Cannabis sativa		2759	33090	35493	3398	3744	3481	3482	3483					sites/highgen/public/organism_image/Cannabis_sativa_1024x1024.jpg	sites/highgen/public/organism_image/Cannabis_sativa_300x300.jpg	Franz Eugen Köhler, Köhler's Medizinal-Pflanzen (1887)	Public domain	Wikimedia	https://commons.wikimedia.org/wiki/File:Cannabis_sativa_-_K%C3%B6hler%E2%80%93s_Medizinal-Pflanzen-026.jpg
	3483	2025-08-11	GCA_051911705.1	GCA_051911705.1	False	Chromosome	current	10.0	682535148	10	73084115	5	80	34.0			Cannabis sativa	3483	1,131567,2759,33090,35493,131221,3193,58023,78536,58024,3398,1437183,71240,91827,1437201,71275,91835,3744,3481,3482,3483	[]	Cannabaceae	d	Eukaryota	Viridiplantae	Streptophyta	Magnoliopsida	Rosales	Cannabaceae	Cannabis	Cannabis sativa		2759	33090	35493	3398	3744	3481	3482	3483					sites/highgen/public/organism_image/Cannabis_sativa_1024x1024.jpg	sites/highgen/public/organism_image/Cannabis_sativa_300x300.jpg	Franz Eugen Köhler, Köhler's Medizinal-Pflanzen (1887)	Public domain	Wikimedia	https://commons.wikimedia.org/wiki/File:Cannabis_sativa_-_K%C3%B6hler%E2%80%93s_Medizinal-Pflanzen-026.jpg
	3483	2025-08-11	GCA_051911715.1	GCA_051911715.1	False	Chromosome	current	10.0	641793204	10	66404481	5	32	34.0			Cannabis sativa	3483	1,131567,2759,33090,35493,131221,3193,58023,78536,58024,3398,1437183,71240,91827,1437201,71275,91835,3744,3481,3482,3483	[]	Cannabaceae	d	Eukaryota	Viridiplantae	Streptophyta	Magnoliopsida	Rosales	Cannabaceae	Cannabis	Cannabis sativa		2759	33090	35493	3398	3744	3481	3482	3483					sites/highgen/public/organism_image/Cannabis_sativa_1024x1024.jpg	sites/highgen/public/organism_image/Cannabis_sativa_300x300.jpg	Franz Eugen Köhler, Köhler's Medizinal-Pflanzen (1887)	Public domain	Wikimedia	https://commons.wikimedia.org/wiki/File:Cannabis_sativa_-_K%C3%B6hler%E2%80%93s_Medizinal-Pflanzen-026.jpg
	3483	2025-08-11	GCA_051911735.1	GCA_051911735.1	False	Chromosome	current	10.0	646027303	10	68254934	5	32	34.0			Cannabis sativa	3483	1,131567,2759,33090,35493,131221,3193,58023,78536,58024,3398,1437183,71240,91827,1437201,71275,91835,3744,3481,3482,3483	[]	Cannabaceae	d	Eukaryota	Viridiplantae	Streptophyta	Magnoliopsida	Rosales	Cannabaceae	Cannabis	Cannabis sativa		2759	33090	35493	3398	3744	3481	3482	3483					sites/highgen/public/organism_image/Cannabis_sativa_1024x1024.jpg	sites/highgen/public/organism_image/Cannabis_sativa_300x300.jpg	Franz Eugen Köhler, Köhler's Medizinal-Pflanzen (1887)	Public domain	Wikimedia	https://commons.wikimedia.org/wiki/File:Cannabis_sativa_-_K%C3%B6hler%E2%80%93s_Medizinal-Pflanzen-026.jpg
	3483	2025-08-11	GCA_051911765.1	GCA_051911765.1	False	Chromosome	current	10.0	738598009	10	77993926	5	80	34.0			Cannabis sativa	3483	1,131567,2759,33090,35493,131221,3193,58023,78536,58024,3398,1437183,71240,91827,1437201,71275,91835,3744,3481,3482,3483	[]	Cannabaceae	d	Eukaryota	Viridiplantae	Streptophyta	Magnoliopsida	Rosales	Cannabaceae	Cannabis	Cannabis sativa		2759	33090	35493	3398	3744	3481	3482	3483					sites/highgen/public/organism_image/Cannabis_sativa_1024x1024.jpg	sites/highgen/public/organism_image/Cannabis_sativa_300x300.jpg	Franz Eugen Köhler, Köhler's Medizinal-Pflanzen (1887)	Public domain	Wikimedia	https://commons.wikimedia.org/wiki/File:Cannabis_sativa_-_K%C3%B6hler%E2%80%93s_Medizinal-Pflanzen-026.jpg
	3483	2025-08-11	GCA_051911785.1	GCA_051911785.1	False	Chromosome	current	10.0	735550733	10	79589693	5	80	34.0			Cannabis sativa	3483	1,131567,2759,33090,35493,131221,3193,58023,78536,58024,3398,1437183,71240,91827,1437201,71275,91835,3744,3481,3482,3483	[]	Cannabaceae	d	Eukaryota	Viridiplantae	Streptophyta	Magnoliopsida	Rosales	Cannabaceae	Cannabis	Cannabis sativa		2759	33090	35493	3398	3744	3481	3482	3483					sites/highgen/public/organism_image/Cannabis_sativa_1024x1024.jpg	sites/highgen/public/organism_image/Cannabis_sativa_300x300.jpg	Franz Eugen Köhler, Köhler's Medizinal-Pflanzen (1887)	Public domain	Wikimedia	https://commons.wikimedia.org/wiki/File:Cannabis_sativa_-_K%C3%B6hler%E2%80%93s_Medizinal-Pflanzen-026.jpg
	3483	2026-01-06	GCA_054642775.1	GCA_054642775.1	False	Complete Genome	current	10.0	755996288	10	81064049	5	156.1	34.0			Cannabis sativa	3483	1,131567,2759,33090,35493,131221,3193,58023,78536,58024,3398,1437183,71240,91827,1437201,71275,91835,3744,3481,3482,3483	[]	Cannabaceae	d	Eukaryota	Viridiplantae	Streptophyta	Magnoliopsida	Rosales	Cannabaceae	Cannabis	Cannabis sativa		2759	33090	35493	3398	3744	3481	3482	3483					sites/highgen/public/organism_image/Cannabis_sativa_1024x1024.jpg	sites/highgen/public/organism_image/Cannabis_sativa_300x300.jpg	Franz Eugen Köhler, Köhler's Medizinal-Pflanzen (1887)	Public domain	Wikimedia	https://commons.wikimedia.org/wiki/File:Cannabis_sativa_-_K%C3%B6hler%E2%80%93s_Medizinal-Pflanzen-026.jpg
	3483	2026-01-06	GCA_054642815.1	GCA_054642815.1	False	Complete Genome	current	10.0	751604090	10	79746962	5	156.89	34.0			Cannabis sativa	3483	1,131567,2759,33090,35493,131221,3193,58023,78536,58024,3398,1437183,71240,91827,1437201,71275,91835,3744,3481,3482,3483	[]	Cannabaceae	d	Eukaryota	Viridiplantae	Streptophyta	Magnoliopsida	Rosales	Cannabaceae	Cannabis	Cannabis sativa		2759	33090	35493	3398	3744	3481	3482	3483					sites/highgen/public/organism_image/Cannabis_sativa_1024x1024.jpg	sites/highgen/public/organism_image/Cannabis_sativa_300x300.jpg	Franz Eugen Köhler, Köhler's Medizinal-Pflanzen (1887)	Public domain	Wikimedia	https://commons.wikimedia.org/wiki/File:Cannabis_sativa_-_K%C3%B6hler%E2%80%93s_Medizinal-Pflanzen-026.jpg
	3483	2019-02-14	GCA_900626175.2	GCA_900626175.2	False	Chromosome	current	10.0	875732047	220	91912889	5	100	33.5		GCF_900626175.2	Cannabis sativa	3483	1,131567,2759,33090,35493,131221,3193,58023,78536,58024,3398,1437183,71240,91827,1437201,71275,91835,3744,3481,3482,3483	[]	Cannabaceae	d	Eukaryota	Viridiplantae	Streptophyta	Magnoliopsida	Rosales	Cannabaceae	Cannabis	Cannabis sativa		2759	33090	35493	3398	3744	3481	3482	3483		https://genome.ucsc.edu/h/GCF_900626175.2			sites/highgen/public/organism_image/Cannabis_sativa_1024x1024.jpg	sites/highgen/public/organism_image/Cannabis_sativa_300x300.jpg	Franz Eugen Köhler, Köhler's Medizinal-Pflanzen (1887)	Public domain	Wikimedia	https://commons.wikimedia.org/wiki/File:Cannabis_sativa_-_K%C3%B6hler%E2%80%93s_Medizinal-Pflanzen-026.jpg
	3483	2023-03-14	GCF_029168945.1	GCF_029168945.1	True	Chromosome	current	10.0	770269637	17	76975026	5	299	34.0	Full annotation	GCA_029168945.1	Cannabis sativa	3483	1,131567,2759,33090,35493,131221,3193,58023,78536,58024,3398,1437183,71240,91827,1437201,71275,91835,3744,3481,3482,3483	[]	Cannabaceae	d	Eukaryota	Viridiplantae	Streptophyta	Magnoliopsida	Rosales	Cannabaceae	Cannabis	Cannabis sativa		2759	33090	35493	3398	3744	3481	3482	3483		https://genome.ucsc.edu/h/GCF_029168945.1	https://hgdownload.soe.ucsc.edu/hubs/GCF/029/168/945/GCF_029168945.1/genes/GCF_029168945.1_ASM2916894v1.ncbiRefSeq.gtf.gz		sites/highgen/public/organism_image/Cannabis_sativa_1024x1024.jpg	sites/highgen/public/organism_image/Cannabis_sativa_300x300.jpg	Franz Eugen Köhler, Köhler's Medizinal-Pflanzen (1887)	Public domain	Wikimedia	https://commons.wikimedia.org/wiki/File:Cannabis_sativa_-_K%C3%B6hler%E2%80%93s_Medizinal-Pflanzen-026.jpg
