accession	source_file	sequences	total_bp	gap_bp	gc_percent	softmasked_percent	scaffold_n50	scaffold_l50	scaffold_n90	largest	top10_frac	contigs	contig_n50	contig_l50	excluded_sequences	excluded_bp
GCA_000230575.5	GCA_000230575.5_genomic.fna.gz	6653	891964663	618301	34.01	56.05	60968100	7	49774	79255070	0.7172	12836	133904	1924	0	0
GCA_001509995.1	GCA_001509995.1_genomic.fna.gz	175088	285932793	405357	32.92	27.46	2250	33716	710	73304	0.0016	190122	2189	34598	0	0
GCA_001510005.1	GCA_001510005.1_genomic.fna.gz	311039	595358288	491	34.56	51.44	2649	55039	835	50562	0.0007	311039	2649	55039	0	0
GCA_001865755.1	GCA_001865755.1_genomic.fna.gz	11110	585823666	0	33.68	58.71	128718	1210	22462	828645	0.0128	11110	128718	1210	0	0
GCA_002090435.1	GCA_002090435.1_genomic.fna.gz	18355	512174223	0	33.6	54.93	51819	2790	13165	482091	0.0068	18355	51819	2790	0	0
GCA_003417725.2	GCA_003417725.2_genomic.fna.gz	2362	1009674739	294101	34.14	59.42	77135887	6	164611	100649945	0.7772	5303	370471	784	0	0
GCA_003660325.2	GCA_003660325.2_genomic.fna.gz	556	1073903735	0	34.05	57.71	3811003	66	929797	32623077	0.1906	556	3811003	66	2816	259474861
GCA_012923435.1	GCA_012923435.1_genomic.fna.gz	1444	876589811	0	34.08	59.01	3283100	84	978444	15358800	0.1063	1444	3283100	84	155	145800
GCA_013030025.1	GCA_013030025.1_genomic.fna.gz	1263	1008789608	0	33.93	58.11	1668042	123	329116	19664841	0.1368	1263	1668042	123	1	366524
GCA_013030365.1	GCA_013030365.1_genomic.fna.gz	483	812525420	695015	33.79	56.93	82998198	5	69092163	93001284	0.9821	2978	509999	468	0	0
GCA_016165845.1	GCA_016165845.1_genomic.fna.gz	147	914397426	897289	33.78	54.61	91493340	5	71555044	106236836	0.9887	8919	172356	1429	0	0
GCA_016415525.1	GCA_016415525.1_genomic.fna.gz	658	999122115	0	34.14	57.96	3491975	69	833172	45252604	0.1824	658	3491975	69	0	0
GCA_025232715.1	GCA_025232715.1_genomic.fna.gz	160	796583716	86300	34.08	57.5	80612720	5	63009714	100226363	0.9723	1023	3165999	64	0	0
GCA_029168945.1	GCA_029168945.1_genomic.fna.gz	17	770269637	5300	34.09	59.07	76975026	5	61573785	92210330	0.9684	70	23500774	12	0	0
GCA_049724855.1	GCA_049724855.1_genomic.fna.gz	721	802242737	49622552	34.25	58.11	81147666	5	57905367	89690220	0.9643	1882	1597028	131	0	0
GCA_049725155.1	GCA_049725155.1_genomic.fna.gz	469	811336179	53275118	33.97	58.09	87594644	5	66358096	91621874	0.9777	1325	2032913	102	2	568592
GCA_051911645.1	GCA_051911645.1_genomic.fna.gz	10	699728646	14205	33.88	56.47	76217322	5	55601484	79567133	1.0	124	11627021	16	0	0
GCA_051911655.1	GCA_051911655.1_genomic.fna.gz	10	713238842	13900	33.94	56.83	74435171	5	62524708	81289699	1.0	133	11374188	21	0	0
GCA_051911675.1	GCA_051911675.1_genomic.fna.gz	10	748269036	13400	34.11	57.03	78471338	5	62785441	93108315	1.0	122	10982035	17	0	0
GCA_051911705.1	GCA_051911705.1_genomic.fna.gz	10	682535148	20302	33.79	56.28	73084115	5	54571316	80068059	1.0	175	6215561	33	0	0
GCA_051911715.1	GCA_051911715.1_genomic.fna.gz	10	641793204	60701	33.94	54.97	66404481	5	55116742	77824646	1.0	525	2012729	87	0	0
GCA_051911735.1	GCA_051911735.1_genomic.fna.gz	10	646027303	52200	33.86	55.19	68254934	5	52831439	78784045	1.0	444	2799508	59	0	0
GCA_051911765.1	GCA_051911765.1_genomic.fna.gz	10	738598009	19200	34.05	57.05	77993926	5	62879331	85564550	1.0	181	8241849	20	0	0
GCA_051911785.1	GCA_051911785.1_genomic.fna.gz	10	735550733	22001	34.06	57.07	79589693	5	63315729	83279627	1.0	207	7939021	29	0	0
GCA_054642775.1	GCA_054642775.1_genomic.fna.gz	10	755996288	0	34.07	60.43	81064049	5	66583286	87159170	1.0	10	81064049	5	0	0
GCA_054642815.1	GCA_054642815.1_genomic.fna.gz	10	751604090	0	34.1	60.35	79746962	5	65994375	88525164	1.0	10	79746962	5	0	0
GCA_900626175.2	GCA_900626175.2_genomic.fna.gz	220	875732047	139568290	33.51	53.63	91913879	5	64622176	104987320	0.9753	1041	2019587	99	0	0
GCF_029168945.1	GCF_029168945.1_genomic.fna.gz	17	770269637	5300	34.09	59.07	76975026	5	61573785	92210330	0.9684	70	23500774	12	1	415602
GCF_900626175.2	GCF_900626175.2_genomic.fna.gz	220	875732047	139568290	33.51	55.74	91913879	5	64622176	104987320	0.9753	1041	2019587	99	1	415602
coge_first_light-FL02_coge60295	FL02_coge60295.fasta	134	817123838	394716	33.49	0.0	85040076	5	48419571	95824234	0.9535	741	2605593	77	0	0
coge_first_light-FL18_coge60292	FL18_coge60292.fasta	94	715869149	323914	33.5	0.0	72861358	5	50392824	85997321	0.9642	646	2907394	63	0	0
coge_first_light-FL48_coge60293	FL48_coge60293.fasta	491	964244916	1343628	33.44	0.0	85613803	5	57457995	120224003	0.906	2109	992306	180	0	0
coge_first_light-FL49_coge60294	FL49_coge60294.fasta	18	727416692	384099	33.51	0.0	74253346	5	62329131	86211910	0.9887	661	2122180	90	0	0
gigadb-Cannbio-2_draft	Cannbio-2_draft.fa	8477	913523049	0	33.78	0.67	187352	1295	47449	1705170	0.016	8477	187352	1295	0	0
gigadb-Cb2_Genome_assembly	Cb2_Genome_assembly.fa	10	904080375	877400	33.77	0.68	91493340	5	71555044	106236836	1.0	8784	173384	1404	0	0
ngdc-GWHCAYE00000000	GWHCAYE00000000.genome.fasta.gz	23	792790049	21100	34.27	0.0	84585251	5	59121197	96976620	0.9827	234	7245624	35	0	0
ngdc-GWHGZJI00000000.1	GWHGZJI00000000.1.genome.fasta.gz	10	739641594	9100	34.18	0.0	80210835	5	66625904	84871560	1.0	101	22823666	11	0	0
ngdc-GWHGZJJ00000000.1	GWHGZJJ00000000.1.genome.fasta.gz	10	739445172	8100	34.18	0.0	78869632	5	66997246	85898775	1.0	91	17256760	13	0	0
ngdc-GWHISUO00000000.1	GWHISUO00000000.1.genome.fasta.gz	10	737239552	0	34.13	0.0	77976642	5	65803076	83432566	1.0	10	77976642	5	0	0
ngdc-GWHISUP00000000.1	GWHISUP00000000.1.genome.fasta.gz	10	737587057	0	34.16	0.0	77869324	5	66850998	83868566	1.0	10	77869324	5	0	0
salk-79X	79X.tar.gz	3908	1107374235	0	34.37	79.53	27676917	11	47940	79690554	0.4887	3908	27676917	11	0	0
salk-ABC	ABC.tar.gz	4055	1034602709	0	34.41	79.94	25792401	14	43653	78525914	0.4154	4055	25792401	14	0	0
salk-ACBD	ACBD.tar.gz	2834	1229893494	0	34.28	79.7	11680593	24	704132	85155494	0.3257	2834	11680593	24	0	0
salk-ACDC	ACDC.tar.gz	2877	1247304746	0	34.38	78.13	4712322	57	318410	58551876	0.2019	2877	4712322	57	0	0
salk-AH3Ma	AH3Ma.tar.gz	861	774667391	233000	34.38	77.88	76481500	5	54135332	84231629	0.9416	1327	9318715	24	0	0
salk-AH3Mb	AH3Mb.tar.gz	395	780564901	196000	34.28	80.46	76395147	5	55163014	110682302	0.9688	787	7209934	31	0	0
salk-BBKH	BBKH.tar.gz	2216	1405692088	0	34.47	79.08	9807351	32	768154	81804358	0.2792	2216	9807351	32	0	0
salk-BCMa	BCMa.tar.gz	807	770959391	394500	34.38	78.61	75802090	5	54785033	86162403	0.9453	1596	3216427	68	0	0
salk-BCMb	BCMb.tar.gz	478	772806052	334500	34.22	80.49	76857694	5	54196680	107756508	0.9666	1147	3399877	69	0	0
salk-BH4	BH4.tar.gz	6448	1633994995	0	34.5	76.52	3143536	127	49319	22904760	0.1051	6448	3143536	127	0	0
salk-BH44	BH44.tar.gz	381	1011240705	0	34.07	78.83	6801021	30	1269527	61122600	0.329	381	6801021	30	0	0
salk-BH55	BH55.tar.gz	7352	1640620780	0	34.35	77.57	745857	374	68952	12607123	0.0617	7352	745857	374	0	0
salk-BLCv1a	BLCv1a.tar.gz	1561	806780030	0	34.36	79.05	3664570	61	532331	21366320	0.1676	1561	3664570	61	0	0
salk-BLCv1b	BLCv1b.tar.gz	952	814587969	0	34.29	80.28	4090632	54	704376	21211579	0.1729	952	4090632	54	0	0
salk-BLYS	BLYS.tar.gz	3942	1220569341	0	34.36	78.95	12854991	20	55028	53897733	0.3436	3942	12854991	20	0	0
salk-BOAXa	BOAXa.tar.gz	1250	787925745	179000	34.46	77.59	78036549	5	54812500	83220866	0.9234	1608	9558784	23	0	0
salk-BOAXb	BOAXb.tar.gz	616	760035851	174000	34.37	78.58	75847500	5	54398500	82635000	0.949	964	7798224	29	0	0
salk-CALO	CALO.tar.gz	2483	1085043012	0	34.45	76.21	8864043	33	396692	37430721	0.2226	2483	8864043	33	0	0
salk-CHM9	CHM9.tar.gz	4887	1062747351	0	34.47	79.65	22616518	14	37759	81729703	0.4248	4887	22616518	14	0	0
salk-CHMD3	CHMD3.tar.gz	2261	918493928	0	34.39	78.09	20502380	11	434697	83157382	0.4905	2261	20502380	11	0	0
salk-CHMD5	CHMD5.tar.gz	1481	981275034	0	34.37	79.86	14778117	20	827933	51092649	0.3231	1481	14778117	20	0	0
salk-CNBv1a	CNBv1a.tar.gz	1601	844312555	0	34.24	80.0	2237893	110	478079	11226060	0.0948	1601	2237893	110	0	0
salk-CNBv1b	CNBv1b.tar.gz	1075	791322031	0	34.12	80.27	2542885	94	558616	9302592	0.0925	1075	2542885	94	0	0
salk-COFBa	COFBa.tar.gz	607	783673532	34100	34.35	78.49	78480317	5	55668298	85708028	0.9507	948	4193628	54	0	0
salk-COFBb	COFBb.tar.gz	447	770166941	43100	34.4	78.74	77072744	5	55246804	84611564	0.954	878	3004724	74	0	0
salk-COSVa	COSVa.tar.gz	198	773535885	7100	34.39	79.28	80858826	5	67560599	86534060	0.9857	269	17511511	13	0	0
salk-COSVb	COSVb.tar.gz	238	777392581	6700	34.37	79.18	83040660	5	65025704	87352461	0.9812	305	21453136	13	0	0
salk-CST53	CST53.tar.gz	6700	1548260248	0	34.37	79.58	1351701	272	56441	26950680	0.0746	6700	1351701	272	0	0
salk-CST8	CST8.tar.gz	1571	1006641074	0	34.45	78.87	7778621	35	702145	39447942	0.2309	1571	7778621	35	0	0
salk-DCHCC	DCHCC.tar.gz	3366	1227111874	0	34.45	77.93	3959576	65	177169	31463787	0.1618	3366	3959576	65	0	0
salk-DPFBa	DPFBa.tar.gz	531	779215386	28500	34.43	78.71	80341616	5	55097749	83258303	0.9532	816	5105651	42	0	0
salk-DPFBb	DPFBb.tar.gz	507	778635225	22800	34.34	78.88	79252878	5	55438922	84436921	0.9526	735	5512213	37	0	0
salk-DPSVa	DPSVa.tar.gz	169	770818584	6700	34.36	79.55	83338230	5	64812358	86691125	0.9884	236	18895287	12	0	0
salk-DPSVb	DPSVb.tar.gz	188	772805579	5800	34.35	79.4	83063140	5	65239501	88836356	0.979	246	24562569	11	0	0
salk-DRBP	DRBP.tar.gz	2868	993083885	0	34.44	78.67	1276559	146	165122	17834436	0.1121	2868	1276559	146	0	0
salk-EH23a	EH23a.tar.gz	10	739940807	41500	34.03	79.61	78494000	5	65496500	84640807	1.0	93	21488361	12	0	0
salk-EH23b	EH23b.tar.gz	10	737334414	70500	34.11	79.61	80012778	5	63722626	84401000	1.0	151	14875164	17	0	0
salk-ERB	ERB.tar.gz	281	861679067	0	34.08	79.4	14315243	16	1510961	51661463	0.3886	281	14315243	16	0	0
salk-FB191	FB191.tar.gz	5415	1385879722	0	34.61	76.88	4225327	80	48914	31215533	0.1449	5415	4225327	80	0	0
salk-FB30	FB30.tar.gz	319	963719869	0	34.11	79.97	10982859	22	1552194	42299256	0.3057	319	10982859	22	0	0
salk-FBHO	FBHO.tar.gz	5047	1525535236	0	34.35	78.42	736276	556	150687	7321176	0.0357	5047	736276	556	0	0
salk-FCS1a	FCS1a.tar.gz	1898	814714835	110000	34.4	76.61	76565557	6	55903504	84710000	0.9005	2118	11046560	25	0	0
salk-FCS1b	FCS1b.tar.gz	845	773568994	132500	34.43	78.38	75651000	5	54953453	82702500	0.9328	1110	10134324	22	0	0
salk-FIMv1a	FIMv1a.tar.gz	1148	816472748	0	34.39	79.5	4900800	47	837438	37933775	0.1999	1148	4900800	47	0	0
salk-FIMv1b	FIMv1b.tar.gz	759	803793610	0	34.26	80.19	4112003	49	882715	24511038	0.2062	759	4112003	49	0	0
salk-FMv1a	FMv1a.tar.gz	1465	828408689	0	34.42	79.7	3854043	62	690541	19411839	0.157	1465	3854043	62	0	0
salk-FMv1b	FMv1b.tar.gz	1013	853406820	0	34.35	80.42	4248085	57	842061	18131275	0.1592	1013	4248085	57	0	0
salk-FOG	FOG.tar.gz	4476	1135285721	0	34.39	79.02	8866947	25	44896	70104674	0.333	4476	8866947	25	0	0
salk-GERv1a	GERv1a.tar.gz	479	767536888	11100	34.36	78.9	76360155	5	65955441	83237951	0.9774	590	13254598	17	0	0
salk-GERv1b	GERv1b.tar.gz	175	725952592	13300	34.23	79.18	73311767	5	60625985	80546183	0.9831	308	12007711	17	0	0
salk-GMO	GMO.tar.gz	2626	1384890144	0	34.33	78.98	6550460	48	571353	69367202	0.236	2626	6550460	48	0	0
salk-GRMa	GRMa.tar.gz	1245	815879185	505500	34.77	77.73	77201340	5	53300500	113162000	0.9182	2256	3624447	57	0	0
salk-GRMb	GRMb.tar.gz	556	749581874	237000	34.24	78.94	76052787	5	54502390	83804036	0.9641	1030	4387795	45	0	0
salk-GSC	GSC.tar.gz	2695	1196365737	0	34.27	79.56	2041895	108	296285	43981223	0.1892	2695	2041895	108	0	0
salk-H3S1a	H3S1a.tar.gz	1216	779307913	114000	34.34	77.26	74296500	5	55423282	83056500	0.923	1444	8584024	27	0	0
salk-H3S1b	H3S1b.tar.gz	653	766363058	159000	34.39	78.32	74785771	5	54786805	83522000	0.9439	971	9905861	21	0	0
salk-H3S7a	H3S7a.tar.gz	1056	784102755	298500	34.33	78.33	78549000	5	55215133	84068500	0.9356	1653	2992883	73	0	0
salk-H3S7b	H3S7b.tar.gz	523	760591964	319500	34.23	79.02	75498049	5	54409633	83731000	0.9547	1162	3159505	77	0	0
salk-HO40	HO40.tar.gz	517	993578240	0	34.03	79.58	4759877	52	934520	33212287	0.1978	517	4759877	52	0	0
salk-I3	I3.tar.gz	577	960142515	0	33.98	78.36	4020689	56	756111	26319679	0.1713	577	4020689	56	0	0
salk-I52	I52.tar.gz	247	920242199	0	33.98	78.85	12516510	18	2557700	52361126	0.3796	247	12516510	18	0	0
salk-I53	I53.tar.gz	400	1005135485	0	34.0	78.99	5257093	43	1418169	48884861	0.2501	400	5257093	43	0	0
salk-I59	I59.tar.gz	333	967182610	0	34.06	79.21	9589705	25	1581520	62833606	0.3204	333	9589705	25	0	0
salk-I61	I61.tar.gz	461	1009818797	0	34.03	78.96	5006784	42	1192100	38573970	0.2603	461	5006784	42	0	0
salk-I68	I68.tar.gz	439	1200011785	0	34.04	79.3	5421535	64	1555083	27615089	0.1489	439	5421535	64	0	0
salk-I75	I75.tar.gz	295	1012228996	0	33.96	78.76	9356942	27	2086121	63675145	0.2925	295	9356942	27	0	0
salk-I78	I78.tar.gz	360	1007135506	0	34.02	79.07	8944532	33	1681583	38239000	0.2491	360	8944532	33	0	0
salk-ITLv1a	ITLv1a.tar.gz	1437	832468102	0	34.39	80.15	3074540	70	565592	22694598	0.1456	1437	3074540	70	0	0
salk-ITLv1b	ITLv1b.tar.gz	1101	816465928	0	34.25	80.86	2651917	86	558645	13745583	0.1247	1101	2651917	86	0	0
salk-KCDv1a	KCDv1a.tar.gz	1142	793979540	36000	34.24	77.65	72720707	5	54687232	92717910	0.9283	1502	3713980	56	0	0
salk-KCDv1b	KCDv1b.tar.gz	404	768010219	31600	34.24	79.21	76348809	5	53810210	85822456	0.9521	720	4236606	45	0	0
salk-KOMPa	KOMPa.tar.gz	915	761555493	344500	34.45	78.18	74083650	5	54195185	84504832	0.9441	1604	3384282	61	0	0
salk-KOMPb	KOMPb.tar.gz	526	779429402	325500	34.29	80.25	76503500	5	55119826	110614000	0.9669	1177	3275333	68	0	0
salk-LP10	LP10.tar.gz	2726	1356574188	0	34.19	79.19	3708611	78	308106	49826526	0.1566	2726	3708611	78	0	0
salk-LP6	LP6.tar.gz	1843	1237628959	0	34.21	78.95	6591443	43	666433	45176733	0.231	1843	6591443	43	0	0
salk-MBFBa	MBFBa.tar.gz	766	778819604	48600	34.42	77.91	76317444	5	55024881	84615515	0.9406	1252	2316546	84	0	0
salk-MBFBb	MBFBb.tar.gz	455	754895123	44300	34.29	78.93	77256943	5	57154123	83590259	0.9621	898	2890244	70	0	0
salk-MBSVa	MBSVa.tar.gz	226	773921562	10600	34.38	79.12	83902427	5	66692343	86044196	0.984	332	11021475	20	0	0
salk-MBSVb	MBSVb.tar.gz	212	788872941	8100	34.34	79.63	83724169	5	64946900	88673821	0.9744	293	13806878	16	0	0
salk-MM3v1a	MM3v1a.tar.gz	940	779124191	181200	34.1	78.85	76957883	5	55089635	84217111	0.9302	2752	677106	260	0	0
salk-MM3v1b	MM3v1b.tar.gz	572	741450548	172100	34.05	78.85	75212027	5	54123145	80715781	0.9333	2293	655588	265	0	0
salk-MNDB	MNDB.tar.gz	4385	1256859404	0	34.57	77.98	3936316	70	170427	67046843	0.196	4385	3936316	70	0	0
salk-NLv1a	NLv1a.tar.gz	1080	792474023	40300	34.23	78.38	76500019	5	53441539	86336159	0.9269	1483	3357921	55	0	0
salk-NLv1b	NLv1b.tar.gz	493	768583077	35900	34.21	79.45	77119858	5	53715265	83981939	0.9522	852	3876374	44	0	0
salk-OFBa	OFBa.tar.gz	489	750693340	30800	34.33	78.83	78863828	5	48436900	82496393	0.9555	797	3722434	60	0	0
salk-OFBb	OFBb.tar.gz	429	809196100	22000	34.31	78.98	80069015	5	55874338	86787265	0.9393	649	6604009	34	0	0
salk-OFP5	OFP5.tar.gz	4621	1478138246	0	34.32	79.03	934267	439	170595	8139397	0.0417	4621	934267	439	0	0
salk-P20	P20.tar.gz	2559	988832686	0	34.33	78.6	3372950	73	269702	22568785	0.1492	2559	3372950	73	0	0
salk-P22	P22.tar.gz	4326	1253358581	0	34.39	78.87	1343981	208	126004	12232283	0.0711	4326	1343981	208	0	0
salk-PPFBa	PPFBa.tar.gz	411	773714153	51800	34.24	79.15	79301934	5	53750037	84768755	0.9572	929	2334542	90	0	0
salk-PPFBb	PPFBb.tar.gz	290	776635578	43000	34.25	79.52	78769858	5	56723068	85743915	0.9648	720	2983507	72	0	0
salk-PTK32	PTK32.tar.gz	3067	997757466	0	34.46	79.1	41916823	8	326322	86229744	0.5914	3067	41916823	8	0	0
salk-PURD	PURD.tar.gz	6219	1469373434	0	34.29	79.86	6102460	50	44821	46057760	0.2066	6219	6102460	50	0	0
salk-PURP	PURP.tar.gz	7206	1642372233	0	34.41	79.68	2288906	178	51344	16239539	0.0767	7206	2288906	178	0	0
salk-S8H2LR	S8H2LR.tar.gz	696	1335587876	0	33.99	78.79	3728583	111	1094096	16652020	0.0892	696	3728583	111	0	0
salk-S8Ha	S8Ha.tar.gz	498	757481573	176300	34.26	78.66	76025916	5	54472235	84599024	0.9472	2261	626535	356	0	0
salk-S8Hb	S8Hb.tar.gz	288	762158918	164300	34.14	79.75	78452670	5	56210192	82519352	0.9603	1931	686999	333	0	0
salk-S8LR	S8LR.tar.gz	422	1071166765	0	34.07	79.13	5718374	47	1268347	54381168	0.2276	422	5718374	47	0	0
salk-SAN2a	SAN2a.tar.gz	2405	805332400	156000	34.44	75.14	69857991	6	172000	82409500	0.8947	2717	7352791	33	0	0
salk-SAN2b	SAN2b.tar.gz	686	774845836	163000	34.33	78.38	75001906	5	55393800	83725000	0.9393	1012	7772124	32	0	0
salk-SCFB	SCFB.tar.gz	8337	1737592224	0	34.46	79.62	2066098	219	39160	13772543	0.0624	8337	2066098	219	0	0
salk-SDFBa	SDFBa.tar.gz	728	784478046	38900	34.34	78.2	77767414	5	54972609	84365489	0.9398	1117	3253543	67	0	0
salk-SDFBb	SDFBb.tar.gz	478	763604955	26800	34.33	78.9	77911450	5	55741883	83676075	0.9585	746	4714448	43	0	0
salk-SDI	SDI.tar.gz	4067	1363862142	0	34.37	79.56	7222489	38	93217	67765212	0.2703	4067	7222489	38	0	0
salk-SG123	SG123.tar.gz	374	964203964	0	34.0	78.54	7699826	24	1393758	48157317	0.3343	374	7699826	24	0	0
salk-SGVA	SGVA.tar.gz	4291	1463274647	0	34.35	79.73	7256254	42	195215	61151723	0.2325	4291	7256254	42	0	0
salk-SH50	SH50.tar.gz	2557	1131792855	0	34.35	78.41	2707878	102	229568	18985798	0.134	2557	2707878	102	0	0
salk-SHH24	SHH24.tar.gz	3992	1389103176	0	34.67	77.75	3304642	109	218868	24484470	0.1113	3992	3304642	109	0	0
salk-SHH5a	SHH5a.tar.gz	456	774525676	62300	34.35	78.44	77446001	5	54860995	85696562	0.948	1079	1973440	116	0	0
salk-SHH5b	SHH5b.tar.gz	176	767684413	49000	34.16	79.84	79489014	5	56814026	85115181	0.9677	666	2447187	93	0	0
salk-SHLR	SHLR.tar.gz	443	1008960985	0	34.07	79.06	5689964	45	1162004	30068037	0.2085	443	5689964	45	0	0
salk-SK88	SK88.tar.gz	6028	1538485019	0	34.36	79.3	1752433	213	61306	18685670	0.0825	6028	1752433	213	0	0
salk-SKFBa	SKFBa.tar.gz	609	782059425	25400	34.42	78.2	77839341	5	55963436	84867214	0.9397	863	4980077	45	0	0
salk-SKFBb	SKFBb.tar.gz	438	800315147	22800	34.35	78.5	77012020	5	57776189	86781302	0.9385	666	5299691	40	0	0
salk-SKSV	SKSV.tar.gz	16850	2296564300	0	34.23	79.71	1849839	193	39934	27903242	0.0998	16850	1849839	193	0	0
salk-SKTZ	SKTZ.tar.gz	4911	1232690822	0	34.38	78.69	2580379	102	48586	25074859	0.1364	4911	2580379	102	0	0
salk-SMSQ	SMSQ.tar.gz	8525	1368470652	0	35.23	75.65	2167645	133	32536	26341395	0.1125	8525	2167645	133	0	0
salk-SN1v3a	SN1v3a.tar.gz	2216	854206927	14800	34.45	75.2	72632050	6	1383466	90100853	0.8831	2364	14845301	13	0	0
salk-SN1v3b	SN1v3b.tar.gz	483	736964078	17600	34.29	77.99	74779058	5	40967716	83896469	0.9371	659	11814029	20	0	0
salk-SODLa	SODLa.tar.gz	888	784656579	99000	34.43	78.13	76771728	5	55354456	87722000	0.9353	1086	23524408	11	0	0
salk-SODLb	SODLb.tar.gz	454	761703114	52500	34.27	78.99	77487165	5	53842000	87097005	0.9637	559	22913352	11	0	0
salk-SSA1	SSA1.tar.gz	1970	857737996	0	34.34	78.32	2654051	82	308842	22952009	0.1289	1970	2654051	82	0	0
salk-SSA2	SSA2.tar.gz	2165	864687072	0	34.42	78.09	3670655	70	352124	14724366	0.1267	2165	3670655	70	0	0
salk-SSH	SSH.tar.gz	933	1355786030	0	33.99	78.69	2754107	157	788291	10768183	0.064	933	2754107	157	0	0
salk-SSHS	SSHS.tar.gz	4721	1460047339	0	34.64	75.83	3373889	107	67528	19216328	0.0988	4721	3373889	107	0	0
salk-SSLR	SSLR.tar.gz	439	1084791106	0	34.03	79.06	5452671	51	1248604	58388043	0.2281	439	5452671	51	0	0
salk-SSV	SSV.tar.gz	4907	1272982636	0	34.56	77.43	2134941	132	50847	25891876	0.1289	4907	2134941	132	0	0
salk-STHa	STHa.tar.gz	777	772084937	37400	34.47	77.46	75722392	5	55042771	83479816	0.943	1151	3330994	64	0	0
salk-STHb	STHb.tar.gz	463	776072682	30200	34.35	79.36	78192662	5	56572177	84577864	0.9556	765	4269905	54	0	0
salk-STLR	STLR.tar.gz	695	1146165660	0	34.06	78.81	3075426	93	816105	64407502	0.1714	695	3075426	93	0	0
salk-SUNDR	SUNDR.tar.gz	3157	1368886955	0	34.41	78.54	3873780	76	336582	56467083	0.162	3157	3873780	76	0	0
salk-SUV8	SUV8.tar.gz	6619	1352262466	0	34.51	79.66	1649928	188	42872	22252576	0.094	6619	1649928	188	0	0
salk-SV2	SV2.tar.gz	7116	1324512150	0	34.71	75.88	1975267	156	38806	18560437	0.0848	7116	1975267	156	0	0
salk-SVA12a	SVA12a.tar.gz	587	794275283	18600	34.36	78.49	79982148	5	56176755	85620062	0.9355	773	6443887	36	0	0
salk-SVA12b	SVA12b.tar.gz	197	762765204	24500	34.28	79.24	80244834	5	57075992	84815254	0.9735	442	4697011	46	0	0
salk-SVA6a	SVA6a.tar.gz	594	780799001	21200	34.4	78.41	78654828	5	55232718	86169371	0.9491	806	6086052	42	0	0
salk-SVA6b	SVA6b.tar.gz	297	769829657	22000	34.28	79.09	78125434	5	56647194	84056707	0.9547	517	6248459	35	0	0
salk-SZFBa	SZFBa.tar.gz	745	780752624	22200	34.41	77.68	78826521	5	54976008	85237391	0.9504	967	5181660	42	0	0
salk-SZFBb	SZFBb.tar.gz	319	767515276	17000	34.34	79.0	81769975	5	62162318	86857084	0.9761	489	8065275	27	0	0
salk-TIBv1a	TIBv1a.tar.gz	1529	848617248	0	34.43	79.63	2582210	90	514299	12839269	0.1142	1529	2582210	90	0	0
salk-TIBv1b	TIBv1b.tar.gz	1015	805719660	0	34.26	80.52	2501518	96	569637	12229692	0.1144	1015	2501518	96	0	0
salk-TK10	TK10.tar.gz	1504	924286173	0	34.57	78.48	8837055	30	905120	28508959	0.2324	1504	8837055	30	0	0
salk-TK7	TK7.tar.gz	5473	1042315672	0	34.54	78.81	3032950	84	37447	20062186	0.125	5473	3032950	84	0	0
salk-TKFBa	TKFBa.tar.gz	673	775423456	33500	34.41	78.47	76663250	5	54128025	85147934	0.9478	1008	3974437	64	0	0
salk-TKFBb	TKFBb.tar.gz	489	775729421	26000	34.32	79.01	77730426	5	56031471	84183730	0.955	749	5302651	43	0	0
salk-TRWR	TRWR.tar.gz	5679	1204939231	0	34.46	78.93	2710124	98	42050	50356244	0.1663	5679	2710124	98	0	0
salk-TS13	TS13.tar.gz	870	1068264444	0	33.99	79.08	2612914	91	582413	38459341	0.1741	870	2612914	91	0	0
salk-TST192	TST192.tar.gz	3283	1114334898	0	34.46	78.55	1703799	147	150457	15080502	0.093	3283	1703799	147	0	0
salk-TST58	TST58.tar.gz	5572	1191587844	0	34.64	76.53	5816507	50	42292	40496266	0.1758	5572	5816507	50	0	0
salk-TURv1a	TURv1a.tar.gz	1593	820033637	0	34.32	79.89	2528868	84	487908	19510442	0.1286	1593	2528868	84	0	0
salk-TURv1b	TURv1b.tar.gz	1165	810287403	0	34.19	80.32	2199121	111	547721	15141215	0.0992	1165	2199121	111	0	0
salk-TWFBa	TWFBa.tar.gz	526	762148212	27300	34.31	78.08	76345160	5	55930496	82423010	0.953	799	4478471	48	0	0
salk-TWFBb	TWFBb.tar.gz	445	781279873	21400	34.33	78.64	78452931	5	55566867	83867672	0.9494	659	5833158	40	0	0
salk-TWSVa	TWSVa.tar.gz	221	757751335	9400	34.31	79.0	78038278	5	67200912	84566524	0.9823	315	13109184	15	0	0
salk-TWSVb	TWSVb.tar.gz	210	776770578	8400	34.36	79.23	82568472	5	63793457	88829956	0.9794	294	15196441	17	0	0
salk-UFBa	UFBa.tar.gz	601	779773457	24900	34.39	77.71	78576332	5	55337930	84914611	0.9427	850	4777746	47	0	0
salk-UFBb	UFBb.tar.gz	297	781009937	16100	34.33	78.94	79104990	5	55761717	84423377	0.9597	458	7992776	30	0	0
salk-URKL	URKL.tar.gz	2536	1249905334	0	34.47	79.49	4197447	73	368585	34438988	0.1614	2536	4197447	73	0	0
salk-USV	USV.tar.gz	3397	1562700480	0	34.36	79.19	5495972	77	600384	29113044	0.1299	3397	5495972	77	0	0
salk-W103	W103.tar.gz	2057	1098391585	0	34.21	78.83	3326558	73	345580	33318500	0.1876	2057	3326558	73	0	0
salk-W19LR	W19LR.tar.gz	432	1027573028	0	34.03	79.24	5158124	44	1393086	32645670	0.2348	432	5158124	44	0	0
salk-WC	WC.tar.gz	7750	1582695867	0	34.55	79.64	2528593	151	40607	20454692	0.0883	7750	2528593	151	0	0
salk-WCFBa	WCFBa.tar.gz	659	780421562	29200	34.43	77.94	78439510	5	55322539	85009508	0.9415	951	4338772	51	0	0
salk-WCFBb	WCFBb.tar.gz	331	769265022	21900	34.31	79.05	77694554	5	55543682	85355053	0.9626	550	6261236	36	0	0
salk-WCSV	WCSV.tar.gz	4217	1534674414	0	34.23	79.8	1050322	426	208699	6102332	0.0303	4217	1050322	426	0	0
salk-WFv1a	WFv1a.tar.gz	1775	839142715	0	34.9	77.47	5108723	46	608935	53976966	0.2047	1775	5108723	46	0	0
salk-WFv1b	WFv1b.tar.gz	905	811785963	0	34.44	79.7	4964907	44	874670	49793934	0.2123	905	4964907	44	0	0
salk-WH106	WH106.tar.gz	5906	1415450108	0	34.48	76.36	3805460	85	41941	47555751	0.1561	5906	3805460	85	0	0
salk-WH72	WH72.tar.gz	7068	1351768576	0	34.38	80.11	3260622	93	34400	57356677	0.1585	7068	3260622	93	0	0
salk-WH94	WH94.tar.gz	3946	1193290042	0	34.47	77.69	2551660	119	88810	16519793	0.0974	3946	2551660	119	0	0
salk-WH96	WH96.tar.gz	6430	1331717845	0	34.51	77.27	3564957	88	40060	39869074	0.1404	6430	3564957	88	0	0
salk-WHLR	WHLR.tar.gz	796	1351380720	0	33.98	78.68	3271795	118	914441	17502109	0.0922	796	3271795	118	0	0
salk-WHWa	WHWa.tar.gz	769	766854130	329000	34.31	77.64	76746485	5	54704321	83408411	0.9493	1427	5564200	33	0	0
salk-WHWb	WHWb.tar.gz	501	748783500	203000	34.24	78.46	76693735	5	54431376	83748631	0.9677	907	5406031	31	0	0
salk-WIv1a	WIv1a.tar.gz	2363	867117339	0	34.61	78.79	1648209	147	270889	9846629	0.0814	2363	1648209	147	0	0
salk-WIv1b	WIv1b.tar.gz	1500	801797972	0	34.26	79.76	1498651	141	323022	11632666	0.0963	1500	1498651	141	0	0
salk-WLR	WLR.tar.gz	369	1002052543	0	34.01	78.63	8460297	31	1342414	53102246	0.2665	369	8460297	31	0	0
salk-YMMv1a	YMMv1a.tar.gz	945	862103214	0	34.7	79.58	5490616	44	1029221	35133507	0.2022	945	5490616	44	0	0
salk-YMMv1b	YMMv1b.tar.gz	485	825953608	0	34.29	80.59	5210583	48	1149551	23405303	0.1759	485	5210583	48	0	0
salk-YMv2a	YMv2a.tar.gz	836	785155530	14000	34.41	78.22	77979186	5	57933175	83569826	0.9426	976	11493827	22	0	0
salk-YMv2b	YMv2b.tar.gz	336	767133593	15100	34.23	79.11	77362515	5	55274196	84812144	0.9625	487	10306565	19	0	0
