accession,assembly_name,assembly_level,sequences,total_bp,n50,l50,n90,largest,top10_bp,top10_frac,organelle_seqs,alt_haplotype_seqs,all_units_n50,csv_scaffold_n50,csv_scaffolds,csv_agrees,csv_field_collision
GCA_000230575.5,ASM23057v5,Chromosome,6653,891964663,60968100,7,49774,79255070,639672920,0.7172,0,0,60968100,133904,12836,no,scaffold fields carry contig values
GCA_001509995.1,Chemdog91_175268,Scaffold,175088,285932793,2250,33716,710,73304,460391,0.0016,0,0,2250,2250,175088,yes,
GCA_001510005.1,ASM151000v1,Contig,311039,595358288,2649,55039,835,50562,440129,0.0007,0,0,2649,2649,311039,yes,
GCA_001865755.1,ASM186575v1,Contig,11110,585823666,128718,1210,22462,828645,7497294,0.0128,0,0,128718,128718,11110,yes,
GCA_002090435.1,ASM209043v1,Contig,18355,512174223,51819,2790,13165,482091,3487337,0.0068,0,0,51819,51819,18355,yes,
GCA_003417725.2,ASM341772v2,Chromosome,2362,1009674739,77135887,6,164611,100649945,784757883,0.7772,0,0,77135887,370471,5303,no,scaffold fields carry contig values
GCA_003660325.2,Oct15_3.7Mb_N50_Jamaican_Lion_Assembly,Contig,556,1073903735,3811003,66,929797,32623077,204711153,0.1906,2,2814,2706441,3811003,556,yes,
GCA_012923435.1,JL_Mother,Contig,1444,876589811,3283100,84,978444,15358800,93186700,0.1063,155,0,3283100,3283100,1444,yes,
GCA_013030025.1,JL_Father,Contig,1263,1008789608,1668042,123,329116,19664841,138044370,0.1368,1,0,1668042,1668042,1263,yes,
GCA_013030365.1,ASM1303036v1,Chromosome,483,812525420,82998198,5,69092163,93001284,797989137,0.9821,0,0,82998198,82998198,483,yes,
GCA_016165845.1,Cannbio-2,Chromosome,147,914397426,91493340,5,71555044,106236836,904080375,0.9887,0,0,91493340,91493340,147,yes,
GCA_016415525.1,JL5,Contig,658,999122115,3491975,69,833172,45252604,182247229,0.1824,0,0,3491975,3491975,658,yes,
GCA_025232715.1,Csat_AbacusV2,Chromosome,160,796583716,80612720,5,63009714,100226363,774493236,0.9723,0,0,80612720,80612720,160,yes,
GCA_029168945.1,ASM2916894v1,Chromosome,17,770269637,76975026,5,61573785,92210330,745900612,0.9684,0,0,76975026,76975026,17,yes,
GCA_049724855.1,Cherry Pie,Chromosome,721,802242737,81147666,5,57905367,89690220,773589621,0.9643,0,0,81147666,81147666,721,yes,
GCA_049725155.1,Punto Rojo,Chromosome,469,811336179,87594644,5,66358096,91621874,793252775,0.9777,2,0,87594644,87594644,469,yes,
GCA_051911645.1,ASM5191164v1,Chromosome,10,699728646,76217322,5,55601484,79567133,699728646,1.0,0,0,76217322,76217322,10,yes,
GCA_051911655.1,ANC-2,Chromosome,10,713238842,74435171,5,62524708,81289699,713238842,1.0,0,0,74435171,74435171,10,yes,
GCA_051911675.1,ANC-1,Chromosome,10,748269036,78471338,5,62785441,93108315,748269036,1.0,0,0,78471338,78471338,10,yes,
GCA_051911705.1,ASM5191170v1,Chromosome,10,682535148,73084115,5,54571316,80068059,682535148,1.0,0,0,73084115,73084115,10,yes,
GCA_051911715.1,ASM5191171v1,Chromosome,10,641793204,66404481,5,55116742,77824646,641793204,1.0,0,0,66404481,66404481,10,yes,
GCA_051911735.1,ASM5191173v1,Chromosome,10,646027303,68254934,5,52831439,78784045,646027303,1.0,0,0,68254934,68254934,10,yes,
GCA_051911765.1,ASM5191176v1,Chromosome,10,738598009,77993926,5,62879331,85564550,738598009,1.0,0,0,77993926,77993926,10,yes,
GCA_051911785.1,ASM5191178v1,Chromosome,10,735550733,79589693,5,63315729,83279627,735550733,1.0,0,0,79589693,79589693,10,yes,
GCA_054642775.1,ASM5464277v1,Complete Genome,10,755996288,81064049,5,66583286,87159170,755996288,1.0,0,0,81064049,81064049,10,yes,
GCA_054642815.1,ASM5464281v1,Complete Genome,10,751604090,79746962,5,65994375,88525164,751604090,1.0,0,0,79746962,79746962,10,yes,
GCA_900626175.2,cs10,Chromosome,220,875732047,91913879,5,64622176,104987320,854066059,0.9753,0,0,91913879,91912889,220,no,
GCF_029168945.1,ASM2916894v1,Chromosome,17,770269637,76975026,5,61573785,92210330,745900612,0.9684,1,0,76975026,76975026,17,yes,
GCF_900626175.2,cs10,Chromosome,220,875732047,91913879,5,64622176,104987320,854066059,0.9753,1,0,91913879,91912889,220,no,
